{"total_people": 65, "Grocery": {"index": 47, "percentage": 0.7230769230769231, "amount_list": [0, 12.550000000000001, 81.069999999999993, 112.23999999999999, 194.50999999999999, 250.37, 253.98000000000002, 260.22000000000003, 263.99000000000001, 265.0, 308.15999999999997, 391.72000000000003, 394.86000000000001, 414.34999999999997, 418.49000000000001, 428.64999999999998, 434.85999999999996, 445.5, 449.64999999999998, 458.92999999999995, 466.94, 468.30000000000001, 497.07999999999998, 498.14999999999998, 501.99000000000001, 503.22000000000003, 526.74000000000001, 540.12, 549.48000000000002, 566.12, 595.98000000000002, 600.52999999999997, 611.06999999999994, 624.97000000000003, 630.62999999999988, 644.81000000000006, 652.84000000000003, 653.80999999999995, 664.32000000000005, 711.44999999999993, 722.29999999999995, 742.10000000000014, 762.50999999999999, 768.57000000000005, 779.4899999999999, 789.26999999999998, 862.18000000000006, 898.27999999999997, 900.50999999999999, 909.38999999999999, 927.56999999999994, 948.68000000000006, 956.61000000000001, 967.18000000000006, 986.1099999999999, 1019.6800000000002, 1025.24, 1031.1000000000001, 1109.02, 1157.29, 1176.3600000000001, 1222.1300000000001, 1276.3099999999999, 1437.1700000000001, 1446.22]}, "Beauty": {"index": 47, "percentage": 0.7230769230769231, "amount_list": [26.989999999999998, 79.980000000000004, 81.879999999999995, 107.79000000000001, 118.57000000000001, 142.25, 149.03, 150.63, 152.15000000000001, 165.31999999999999, 182.09, 209.30000000000001, 258.12, 288.76999999999998, 298.52999999999997, 307.16000000000003, 308.13999999999999, 331.44, 335.23000000000002, 345.98000000000002, 362.47000000000003, 403.59000000000003, 411.95000000000005, 423.12, 430.94999999999999, 433.17000000000002, 452.65000000000003, 458.22000000000003, 489.0, 489.29999999999995, 505.82999999999998, 524.53000000000009, 539.18000000000006, 544.49000000000001, 569.59000000000003, 569.88999999999999, 571.30999999999995, 573.39999999999998, 576.73000000000002, 582.51999999999998, 588.63, 624.65000000000009, 629.25999999999999, 636.01999999999998, 641.43000000000006, 702.63999999999999, 750.01999999999998, 762.72000000000003, 770.00999999999999, 783.74000000000001, 794.53999999999996, 795.91999999999996, 809.21000000000004, 944.29999999999995, 958.51999999999998, 964.30999999999995, 990.65999999999997, 1023.5300000000001, 1101.9199999999998, 1138.6099999999999, 1229.3700000000001, 1236.2, 1246.71, 1346.9000000000001, 1497.4400000000001]}, "Entertainment": {"index": 58, "percentage": 0.8923076923076924, "amount_list": [0, 88.069999999999993, 101.03, 102.72, 118.52000000000001, 152.16, 160.06, 225.39999999999998, 235.81999999999999, 270.88, 323.31, 336.50999999999999, 346.23000000000002, 365.24000000000001, 373.89999999999998, 381.50999999999999, 412.39999999999998, 413.13999999999999, 414.08000000000004, 417.13, 432.28999999999996, 449.91999999999996, 459.63999999999999, 470.24000000000001, 500.25, 520.95000000000005, 522.38999999999999, 536.38, 537.97000000000003, 550.77999999999997, 587.19000000000005, 587.89999999999998, 606.52999999999997, 626.11000000000001, 626.98000000000002, 629.56999999999994, 635.17000000000007, 639.86000000000001, 641.17000000000007, 651.04999999999995, 666.27999999999997, 668.34000000000003, 688.85000000000002, 696.52999999999997, 708.36000000000001, 714.66000000000008, 718.90999999999997, 725.72000000000003, 742.91000000000008, 771.1400000000001, 808.70000000000005, 842.48000000000002, 861.38, 890.67999999999995, 901.71000000000004, 919.27999999999997, 920.15999999999997, 1005.4200000000001, 1056.25, 1065.9100000000001, 1216.5999999999999, 1223.1500000000001, 1291.4299999999998, 1506.1400000000001, 1557.8199999999999]}, "Media": {"index": 13, "percentage": 0.2, "amount_list": [31.18, 151.88, 174.34, 248.34999999999999, 258.80000000000001, 259.41999999999996, 274.24000000000001, 283.25, 292.92000000000002, 338.24000000000001, 338.26999999999998, 348.90999999999997, 364.64999999999998, 376.88, 387.90999999999997, 388.94, 405.31999999999999, 423.15999999999997, 423.90000000000003, 426.57000000000005, 427.82999999999998, 436.09000000000003, 456.38, 461.53999999999996, 469.75999999999999, 475.18000000000001, 482.36000000000001, 508.44999999999999, 525.58000000000004, 531.81999999999994, 578.13999999999999, 589.31999999999994, 596.25, 612.59999999999991, 624.57000000000005, 640.48000000000002, 646.82000000000005, 679.67000000000007, 684.75999999999999, 695.41999999999996, 700.39999999999998, 711.50999999999999, 720.49000000000001, 731.89999999999998, 738.3900000000001, 783.63999999999999, 788.20000000000005, 818.12, 836.72000000000003, 869.0, 870.91000000000008, 909.25999999999999, 955.49000000000001, 971.97000000000003, 978.36000000000013, 981.45000000000005, 992.0, 1019.27, 1050.04, 1133.5799999999999, 1229.9200000000001, 1348.6200000000001, 1440.1600000000001, 1491.75, 1631.1999999999998]}, "Dining": {"index": 37, "percentage": 0.5692307692307692, "amount_list": [132.00999999999999, 154.87, 161.81, 173.28999999999999, 207.65000000000001, 229.96000000000001, 240.75999999999999, 248.94999999999999, 259.40999999999997, 288.69, 312.04999999999995, 342.19, 343.30999999999995, 368.74000000000001, 373.32000000000005, 376.13999999999999, 379.69, 383.37, 396.98000000000002, 410.12999999999994, 438.69999999999999, 452.56, 453.05999999999995, 462.50999999999999, 468.44, 482.5, 501.16999999999996, 505.10000000000002, 518.64999999999998, 541.17000000000007, 569.72000000000003, 581.58999999999992, 584.47000000000003, 586.00999999999999, 589.16999999999996, 590.5, 646.21000000000004, 679.29000000000008, 696.29999999999995, 696.83999999999992, 696.90999999999997, 704.17999999999995, 706.80999999999995, 746.50999999999999, 757.93999999999994, 803.82999999999993, 813.99999999999989, 821.06999999999994, 833.01999999999998, 834.24000000000001, 859.31000000000006, 869.76999999999998, 879.21000000000004, 896.63999999999999, 913.11000000000001, 949.34999999999991, 961.32000000000005, 982.0, 1011.72, 1014.1099999999999, 1028.3999999999999, 1041.9100000000001, 1075.78, 1088.25, 1805.5900000000001]}, "Stationery": {"index": 30, "percentage": 0.46153846153846156, "amount_list": [0, 0, 71.990000000000009, 171.98000000000002, 207.79000000000002, 217.69999999999999, 222.38, 245.88, 287.38999999999999, 291.58999999999997, 294.02000000000004, 335.81999999999999, 356.44, 370.88999999999999, 380.77999999999997, 385.88, 390.75, 390.88, 406.15999999999997, 414.35000000000002, 426.30999999999995, 431.87, 446.5, 452.93000000000001, 466.18000000000006, 469.93000000000001, 478.32999999999998, 518.02999999999997, 529.63999999999999, 537.16999999999996, 549.86999999999989, 553.18000000000006, 586.39999999999998, 598.93999999999994, 605.58000000000004, 610.11000000000001, 616.51999999999998, 634.53999999999996, 637.29999999999995, 638.16999999999996, 643.03999999999996, 686.96000000000004, 716.19000000000005, 729.06999999999994, 742.99000000000001, 749.38999999999999, 766.1400000000001, 827.53000000000009, 859.65000000000009, 871.32000000000005, 880.04999999999995, 896.88999999999999, 897.15999999999997, 918.12, 943.05000000000007, 965.08999999999992, 972.50999999999999, 1008.8900000000001, 1032.05, 1107.4000000000001, 1147.8700000000001, 1166.3, 1288.6900000000001, 1306.4000000000001, 1355.3499999999999]}, "Education": {"index": 11, "percentage": 0.16923076923076924,